beethoven_stieler	https://upload.wikimedia.org/wikipedia/commons/6/6f/Beethoven.jpg?utm_source=commons.wikimedia.org&utm_campaign=imageinfo&utm_content=thumbnail_unscaled	Public domain	https://commons.wikimedia.org/wiki/File:Beethoven.jpg
beethoven_maehler	https://upload.wikimedia.org/wikipedia/commons/7/7b/Beethoven_3.jpg?utm_source=commons.wikimedia.org&utm_campaign=imageinfo&utm_content=thumbnail_unscaled	Public domain	https://commons.wikimedia.org/wiki/File:Beethoven_3.jpg
beethoven_young	https://upload.wikimedia.org/wikipedia/commons/e/e7/Beethoven_Riedel_1801.jpg?utm_source=commons.wikimedia.org&utm_campaign=imageinfo&utm_content=thumbnail_unscaled	Public domain	https://commons.wikimedia.org/wiki/File:Beethoven_Riedel_1801.jpg
bonn_house	https://thumb.wikimedia.org/wikipedia/commons/thumb/7/76/Beethoven_house_of_birth_Bonn_2008.jpg/1280px-Beethoven_house_of_birth_Bonn_2008.jpg?utm_source=commons.wikimedia.org&utm_campaign=imageinfo&utm_content=thumbnail	CC BY-SA 3.0	https://commons.wikimedia.org/wiki/File:Beethoven_house_of_birth_Bonn_2008.jpg
heiligenstadt_testament	https://thumb.wikimedia.org/wikipedia/commons/thumb/4/47/Beethoven_Heiligenstaedter_Testament.jpg/1280px-Beethoven_Heiligenstaedter_Testament.jpg?utm_source=commons.wikimedia.org&utm_campaign=imageinfo&utm_content=thumbnail	Public domain	https://commons.wikimedia.org/wiki/File:Beethoven_Heiligenstaedter_Testament.jpg
heiligenstadt_house	https://thumb.wikimedia.org/wikipedia/commons/thumb/8/87/Beethoven-Wohnhaus_Heiligenstadt_Probusgasse_6_01.jpg/1280px-Beethoven-Wohnhaus_Heiligenstadt_Probusgasse_6_01.jpg?utm_source=commons.wikimedia.org&utm_campaign=imageinfo&utm_content=thumbnail	CC BY-SA 3.0	https://commons.wikimedia.org/wiki/File:Beethoven-Wohnhaus_Heiligenstadt_Probusgasse_6_01.jpg
beethoven_funeral	https://upload.wikimedia.org/wikipedia/commons/4/47/Stoeber_-_Beethovens_Leichenzug.jpg?utm_source=commons.wikimedia.org&utm_campaign=imageinfo&utm_content=thumbnail_unscaled	Public domain	https://commons.wikimedia.org/wiki/File:Stoeber_-_Beethovens_Leichenzug.jpg
kaerntnertor	https://upload.wikimedia.org/wikipedia/commons/2/22/K%C3%A4rntnertortheater_1830.jpg?utm_source=commons.wikimedia.org&utm_campaign=imageinfo&utm_content=thumbnail_unscaled	Public domain	https://commons.wikimedia.org/wiki/File:K%C3%A4rntnertortheater_1830.jpg
schubert_rieder	https://thumb.wikimedia.org/wikipedia/commons/thumb/0/0d/Franz_Schubert_by_Wilhelm_August_Rieder_1875.jpg/1280px-Franz_Schubert_by_Wilhelm_August_Rieder_1875.jpg?utm_source=commons.wikimedia.org&utm_campaign=imageinfo&utm_content=thumbnail	Public domain	https://commons.wikimedia.org/wiki/File:Franz_Schubert_by_Wilhelm_August_Rieder_1875.jpg
schubertiade	https://upload.wikimedia.org/wikipedia/commons/6/66/Julius_Schmid_Schubertiade.jpg?utm_source=commons.wikimedia.org&utm_campaign=imageinfo&utm_content=thumbnail_unscaled	Public domain	https://commons.wikimedia.org/wiki/File:Julius_Schmid_Schubertiade.jpg
schubert_klimt	https://thumb.wikimedia.org/wikipedia/commons/thumb/0/0a/Klimt_-_Schubert_am_Klavier.jpeg/1280px-Klimt_-_Schubert_am_Klavier.jpeg?utm_source=commons.wikimedia.org&utm_campaign=imageinfo&utm_content=thumbnail	Public domain	https://commons.wikimedia.org/wiki/File:Klimt_-_Schubert_am_Klavier.jpeg
